10,Q5
21,ZI
24,AA
28,OZ
29,4K
32,8U
35,G4
42,M3
55,8V
68,8T
83,JP
90,UX
96,A3
106,PE
109,KO
116,I9
125,FG
130,SU
132,JA
137,AF
139,SB
146,2O
151,V7
153,SW
179,PL
197,J2
214,AB
218,AI
220,ZB
221,CC
225,TN
231,IZ
240,AP
241,S2
242,KM
246,M6
286,U9
312,BM
316,NX
319,HM
321,AM
324,NH
328,PX
329,G9
330,AC
333,BT
338,TL
341,4N
345,NZ
386,GV
397,JW
407,W3
410,2B
412,AR
426,QN
439,AS
442,4D
462,OB
470,2J
476,FO
477,PJ
491,OS
502,MO
503,5N
508,GR
515,AV
524,NF
543,B9
567,TX
569,IX
576,AK
595,3G
596,AZ
603,Z8
622,R7
641,FV
644,RX
683,BP
690,GS
692,VT
724,V8
751,CA
753,Q6
794,AH
807,EN
837,EI
839,E8
879,FJ
881,RC
882,QH
896,NY
897,2P
921,GL
970,W9
995,KK
998,JS
1006,KC
1008,LV
1034,XL
1048,TD
1052,LK
1057,MK
1066,MD
1073,9U
1083,M0
1109,8D
1173,4Y
1191,UU
1203,A5
1210,MV
1230,BF
1266,Z3
1287,R3
1290,VW
1299,OR
1308,CG
1316,FL
1317,TS
1338,2K
1355,BA
1359,BG
1392,A8
1401,4T
1403,UP
1406,LZ
1422,PG
1434,JV
1436,B3
1463,BV
1469,7R
1472,8E
1478,B2
1492,GQ
1500,7P
1508,J8
1531,SN
1539,NT
1548,FB
1581,5C
1623,5T
1629,9K
1654,2G
1663,BW
1669,V3
1680,CX
1682,KX
1683,5J
1750,C8
1756,CI
1758,MU
1767,CZ
1769,HR
1775,X7
1780,A2
1790,G3
1829,MN
1844,KR
1868,DE
1886,V0
1889,CM
1908,SS
1909,XK
1910,F5
1925,OU
1936,CU
1942,CY
1943,YK
1946,OK
1954,DX
2009,DL
2056,KA
2058,KB
2091,BR
2094,H7
2104,QU
2117,T3
2143,MS
2150,LY
2183,EK
2193,EU
2217,E7
2218,OV
2220,ET
2222,EY
2226,RZ
2245,K2
2260,EW
2297,U2
2324,EF
2350,AY
2353,FY
2354,7F
2409,F2
2417,D7
2418,TE
2419,LF
2420,F7
2421,BE
2439,VY
2468,F9
2520,GA
2524,4G
2538,A9
2541,QB
2547,ST
2548,4U
2575,G8
2585,DC
2607,ZK
2622,TA
2638,GF
2660,HU
2681,X3
2682,HF
2688,HA
2692,BH
2731,JB
2748,HW
2757,UD
2765,HD
2773,HX
2774,UO
2822,IB
2825,TY
2826,FW
2835,FI
2850,6E
2857,QZ
2881,D6
2896,ID
2916,3L
2922,IR
2923,EP
2942,8L
2950,WC
2951,
2954,6H
2987,JL
2989,EG
2990,NU
2991,JU
2993,J9
2994,7C
3000,9W
3021,3K
3026,LS
3029,B6
3052,JQ
3081,HO
3090,KL
3097,RQ
3098,E2
3123,M5
3126,KQ
3148,Y9
3163,KE
3179,KU
3197,LR
3200,LA
3201,4M
3210,LO
3213,LT
3233,QV
3251,LI
3258,LN
3287,LM
3290,JT
3320,LH
3329,LG
3342,MJ
3349,M7
3354,OM
3370,W5
3378,MH
3386,TF
3391,RI
3392,AE
3393,JE
3432,8M
3437,MW
3463,IG
3466,YV
3490,ME
3498,MY
3534,8I
3539,YM
3545,3R
3547,M9
3589,UE
3613,CE
3618,ON
3637,RA
3652,2N
3661,HG
3674,DD
3721,U7
3734,J3
3737,DY
3754,XY
3764,O6
3776,OA
3778,WY
3781,OY
3788,8Q
3805,R2
3811,OX
3834,PV
3835,9Q
3850,BL
3856,8P
3857,Q8
3865,LW
3871,PK
3926,PC
3935,KS
3952,PR
3976,9E
4021,PD
4026,BK
4031,PW
4044,FE
4066,P0
4089,QF
4091,QR
4165,V4
4178,ZL
4234,GZ
4248,AT
4255,BI
4259,RJ
4292,WB
4296,FR
4304,S4
4305,SA
4311,NL
4319,SK
4329,S7
4335,BB
4349,UL
4356,SY
4375,SG
4388,7G
4429,SP
4435,SQ
4436,5M
4438,SI
4454,SJ
4475,DG
4496,5G
4513,FS
4521,SD
4533,SV
4547,WN
4550,A4
4559,LX
4573,XQ
4599,SC
4608,3U
4609,FM
4611,ZH
4619,7L
4687,NK
4691,9R
4735,S3
4737,H2
4740,BC
4750,MI
4752,PY
4797,IE
4805,6W
4808,HZ
4822,S5
4840,DV
4863,EQ
4867,JJ
4869,TP
4870,TU
4896,FQ
4897,MT
4908,L9
4936,TR
4937,TT
4940,TG
4947,FD
4951,TK
4965,T7
5002,3P
5013,BY
5016,PM
5038,GE
5039,HV
5041,VR
5067,UN
5083,T5
5085,UG
5097,QS
5133,DT
5156,PZ
5179,RO
5188,8R
5209,UA
5234,U6
5265,US
5281,HY
5282,PS
5297,VF
5309,VN
5325,Y4
5331,VX
5347,VS
5353,XF
5354,LC
5360,VA
5368,RG
5399,WJ
5416,WS
5439,WF
5461,W6
5479,SE
5484,MF
5496,IY
5521,3J
5651,VJ
5982,BX
6222,9Y
6557,JD
8359,2I
8463,4H
8576,5H
8745,TO
8809,WP
9082,B7
9541,TM
9666,VH
9764,Z2
9784,HK
9809,ZE
9810,LJ
9818,3O
9828,YC
9829,CN
10121,IL
10646,VB
10650,5P
10674,V5
10675,SH
10737,J4
10739,3E
10741,KN
10758,4Q
10765,K5
10800,V9
10912,J5
10955,I6
11741,3S
11763,P9
11794,OC
11808,K8
11811,UJ
11814,6Y
11816,K7
11838,Q9
11857,RL
11948,VQ
12978,PN
13088,Y7
13108,Q2
13200,JH
13335,MR
13704,KY
13757,WU
13899,K6
13983,AD
14061,PQ
14118,GK
14485,FZ
14849,JY
15814,UR
15837,G5
15893,M4
15953,3B
15999,9C
16120,Z6
16133,YT
16136,NS
16149,WM
16150,YO
16262,3F
16415,QC
16475,YI
16508,BU
16615,7M
16624,TW
16625,HI
16660,W4
16707,HN
16725,Y8
16726,7H
16844,XV
16882,YQ
16942,L6
16960,AW
16963,E5
17083,NP
17094,DN
17095,6I
17099,S9
17408,8B
17519,YR
17571,C7
17675,MM
17885,4O
17889,OG
17891,TZ
17911,WH
18169,P4
18178,V2
18232,5Q
18239,YE
18529,TJ
18543,SX
18553,W2
18700,Q3
18732,OD
18825,Z9
18828,I8
18944,7I
19016,ZM
19305,QG
